{
 "version": "auto-py-to-exe-configuration_v1",
 "pyinstallerOptions": [
  {
   "optionDest": "noconfirm",
   "value": true
  },
  {
   "optionDest": "filenames",
   "value": "C:/Users/Kell/Desktop/OSRS-Bot-COLOR/src/OSBC.py"
  },
  {
   "optionDest": "onefile",
   "value": false
  },
  {
   "optionDest": "console",
   "value": false
  },
  {
   "optionDest": "icon_file",
   "value": "C:/Users/Kell/Desktop/OSRS-Bot-COLOR/documentation/media/icon.ico"
  },
  {
   "optionDest": "ascii",
   "value": false
  },
  {
   "optionDest": "clean_build",
   "value": false
  },
  {
   "optionDest": "strip",
   "value": false
  },
  {
   "optionDest": "noupx",
   "value": false
  },
  {
   "optionDest": "disable_windowed_traceback",
   "value": false
  },
  {
   "optionDest": "embed_manifest",
   "value": true
  },
  {
   "optionDest": "uac_admin",
   "value": false
  },
  {
   "optionDest": "uac_uiaccess",
   "value": false
  },
  {
   "optionDest": "win_private_assemblies",
   "value": false
  },
  {
   "optionDest": "win_no_prefer_redirects",
   "value": false
  },
  {
   "optionDest": "bootloader_ignore_signals",
   "value": false
  },
  {
   "optionDest": "argv_emulation",
   "value": false
  },
  {
   "optionDest": "datas",
   "value": "C:/Users/Kell/Desktop/OSRS-Bot-COLOR/env/Lib/site-packages/customtkinter;customtkinter"
  },
  {
   "optionDest": "datas",
   "value": "C:/Users/Kell/Desktop/OSRS-Bot-COLOR/src/model;model"
  },
  {
   "optionDest": "datas",
   "value": "C:/Users/Kell/Desktop/OSRS-Bot-COLOR/src/runelite_settings;runelite_settings"
  },
  {
   "optionDest": "datas",
   "value": "C:/Users/Kell/Desktop/OSRS-Bot-COLOR/src/utilities;utilities"
  },
  {
   "optionDest": "datas",
   "value": "C:/Users/Kell/Desktop/OSRS-Bot-COLOR/src/view;view"
  },
  {
   "optionDest": "datas",
   "value": "C:/Users/Kell/Desktop/OSRS-Bot-COLOR/src/images;images"
  },
  {
   "optionDest": "datas",
   "value": "C:/Users/Kell/Desktop/OSRS-Bot-COLOR/src/controller;controller"
  }
 ],
 "nonPyinstallerOptions": {
  "increaseRecursionLimit": true,
  "manualArguments": ""
 }
}
